RECORD ID NUMBER,INPUT ADDRESS ,TIGER ADDRESS RANGE MATCH INDICATOR,TIGER MATCH TYPE,TIGER OUTPUT ADDRESS,LONGITUDE ,LATITUDE,TIGERLINE ID,TIGERLINE ID SIDE,STATE CODE,COUNTY CODE,TRACT CODE,BLOCK CODE
Veteran's Memorial Community Regional Park,"13000 Sayre St, Sylmar, 91342",Match,Non_Exact,"13000 SAYRE ST, SYLMAR, CA, 91342",-118.4171561,34.32484314,142675597,L,06,037,106111,2003
Porter Ranch Branch Library,"11371 Tampa Avenue, Porter Ranch, 91326",Match,Non_Exact,"11371 TAMPA AVE, PORTER RANCH, CA, 91326",-118.5585263,34.27677975,651554698,L,06,037,108102,1000
Northwest Library,"3323 W. Victory Blvd., Burbank, 91505",Match,Non_Exact,"3323 W VICTORY BLVD, BURBANK, CA, 91505",-118.3472137,34.18476377,141592412,R,06,037,311000,3017
Roy Campanella Park,"14812 S Stanford Ave, Compton, 90220",Match,Non_Exact,"14812 S STANFORD AVE, COMPTON, CA, 90220",-118.2610951,33.89868067,241243909,L,06,037,541100,3001
A C Bilbrew Library,"150 E El Segundo Blvd , Los Angeles , 90061",Match,Non_Exact,"150 E EL SEGUNDO BLVD, LOS ANGELES, CA, 90061",-118.2720945,33.91636586,142761817,R,06,037,540902,3002
Col. Leon H. Washington Park,"8908 Maie Ave, Los Angeles, 90002",Match,Non_Exact,"8908 S MAIE AVE, LOS ANGELES, CA, 90002",-118.24415,33.95334102,642865131,L,06,037,535200,1000
East Rancho Dominguez Community Center and Park,"15116 S. Atlantic Avenue, Compton, 90221",Match,Non_Exact,"15116 S ATLANTIC AVE, COMPTON, CA, 90221",-118.1933262,33.89604122,142765721,L,06,037,542106,2006
West Hollywood Library,"625 N. San Vicente Blvd, West Hollywood, 90069",Match,Non_Exact,"625 N SAN VICENTE BLVD, WEST HOLLYWOOD, CA, 90069",-118.3838517,34.08319501,142848027,L,06,037,700400,3010
Dee Hardison Sports Center - Lobby,"2400 Jefferson Street, Torrance, 90501",Match,Non_Exact,"2400 JEFFERSON ST, TORRANCE, CA, 90501",-118.3268449,33.82758011,142756931,L,06,037,650904,2005
Antelope Valley Senior Center,"777 W. Jackman Street, Lancaster, 93534",Match,Non_Exact,"777 W JACKMAN ST, LANCASTER, CA, 93534",-118.1439267,34.7013251,241238630,L,06,037,900806,2000
John Muir Branch Library,"1005 W. 64th Street, Los Angeles, 90044",Match,Non_Exact,"1005 W 64TH ST, LOS ANGELES, CA, 90044",-118.29207,33.98148745,142753372,R,06,037,237401,2001
East Los Angeles Service Center,"133 N. Sunol Drive, Los Angeles, 90063",Match,Non_Exact,"133 N SUNOL DR, LOS ANGELES, CA, 90063",-118.178697,34.0367561,141625726,L,06,037,531102,1006
Palisades Branch Library,"861 Alma Real Drive, Pacific Palisades, 90272",Match,Non_Exact,"861 ALMA REAL DR, PACIFIC PALISADES, CA, 90272",-118.5248201,34.04429564,141558519,L,06,037,262706,1005
Robertson Branch Library,"1719 S. Robertson Boulevard, Los Angeles, 90035",Match,Non_Exact,"1719 S ROBERTSON BLVD, LOS ANGELES, CA, 90035",-118.385683,34.04845357,141573039,R,06,037,217001,1013
George Washington Carver Park ," 1400 E 118th St, Los Angeles, 90059",Match,Non_Exact,"1400 E 118TH ST, LOS ANGELES, CA, 90059",-118.2505478,33.92631041,141673547,R,06,037,540700,2015
Chatsworth Branch Library,"21052 Devonshire Street, Chatsworth, 91311",Match,Non_Exact,"21052 DEVONSHIRE ST, CHATSWORTH, CA, 91311",-118.5919071,34.25718209,141532052,L,06,037,113323,1000
Playa Vista Branch Library,"6400 Playa Vista Dr., Los Angeles, 90094",Match,Non_Exact,"6400 S PLAYA VISTA DR, LOS ANGELES, CA, 90094",-118.4263244,33.9705675,241173799,L,06,037,275604,2000
Sunland - Tujunga Branch Library,"7771 Foothill Boulevard, Tujunga, 91042",Match,Non_Exact,"7771 FOOTHILL BLVD, TUJUNGA, CA, 91042",-118.3017052,34.25822163,141587892,R,06,037,101110,2007
South Whittier Library,"11543 Colima Rd, Whittier, 90604",Match,Non_Exact,"11543 COLIMA RD, WHITTIER, CA, 90604",-118.0231249,33.92689735,241247079,R,06,037,503201,1012
El Cariso Community Regional Park,"13100 Hubbard St, Sylmar, 91342",Match,Non_Exact,"13100 HUBBARD ST, SYLMAR, CA, 91342",-118.4183523,34.31797616,141546313,L,06,037,106111,1000
Antelope Valley Comprehensive AJCC,"1420 West Avenue I, Lancaster, 93534",Match,Non_Exact,"1420 W AVE I, LANCASTER, CA, 93534",-118.1555586,34.70393777,141525874,R,06,037,900805,3002
East Los Angeles Library,"4837 E 3rd Street, Los Angeles , 90022",Match,Non_Exact,"4837 E 3RD ST, LOS ANGELES, CA, 90022",-118.1600496,34.03343012,141637581,L,06,037,530400,3018
Mid-Valley Regional Library,"16244 Nordhoff Street, North Hills, 91343",Match,Non_Exact,"16244 NORDHOFF ST, NORTH HILLS, CA, 91343",-118.4856393,34.23559159,640419160,L,06,037,117303,1000
San Gabriel Library,"500 S. Del Mar Ave, San Gabriel, 91776",Match,Non_Exact,"500 S DEL MAR AVE, SAN GABRIEL, CA, 91776",-118.0995156,34.09599727,635194509,L,06,037,481103,1009
Lomita Library,"24200 Narbonne Ave, Lomita, 90717",Match,Non_Exact,"24200 NARBONNE AVE, LOMITA, CA, 90717",-118.3198594,33.80542242,141668757,L,06,037,670001,2000
Panorama City Branch Library,"14345 Roscoe Boulevard, Panorama City, 91402",Match,Non_Exact,"14345 ROSCOE BLVD, PANORAMA CITY, CA, 91402",-118.4460155,34.22165207,141550107,R,06,037,120104,1002
Arroyo Seco Regional Library,"6145 N. Figueroa Street, Los Angeles, 90042",Match,Non_Exact,"6145 N FIGUEROA ST, LOS ANGELES, CA, 90042",-118.1884288,34.11179568,142253643,L,06,037,183620,2003
Baldwin Hills Branch Library,"2906 S. La Brea Avenue, Los Angeles, 90016",Match,Non_Exact,"2906 S LA BREA AVE, LOS ANGELES, CA, 90016",-118.35261,34.0286009,141601284,L,06,037,219700,3008
Claremont Library,"208 N Harvard Avenue, Claremont , 91711",Match,Non_Exact,"208 N HARVARD AVE, CLAREMONT, CA, 91711",-117.716343,34.09576878,141734671,R,06,037,401902,1038
La Mirada Library,"13800 La Mirada Blvd, La Mirada, 90638",Match,Non_Exact,"13800 LA MIRADA BLVD, LA MIRADA, CA, 90638",-118.0116396,33.90547782,142851925,L,06,037,503602,2017
Sierra Madre Library,"350 W Sierra Madre Blvd, Sierra Madre, 91024",Match,Non_Exact,"350 W SIERRA MADRE BLVD, SIERRA MADRE, CA, 91024",-118.060192,34.16179153,141643439,L,06,037,430502,5001
Frances Howard Goldwyn - Hollywood Regional Library,"1623 Ivar Avenue, Los Angeles, 90028",Match,Non_Exact,"1623 IVAR AVE, LOS ANGELES, CA, 90028",-118.3282214,34.1002195,141594903,L,06,037,190701,1001
Little Tokyo Branch Library,"203 S. Los Angeles Street, Los Angeles, 90012",Match,Non_Exact,"203 S LOS ANGELES ST, LOS ANGELES, CA, 90012",-118.2434416,34.05024215,648177333,R,06,037,207306,1002
Fairfax Branch Library,"161 S. Gardner Street, Los Angeles, 90036",Match,Non_Exact,"161 S GARDNER ST, LOS ANGELES, CA, 90036",-118.3532672,34.07256053,141598642,R,06,037,214501,2000
Woodland Hills Branch Library,"22200 Ventura Boulevard, Woodland Hills, 91364",Match,Non_Exact,"22200 VENTURA BLVD, WOODLAND HILLS, CA, 91364",-118.6104782,34.16869133,141534916,L,06,037,137401,3000
Stevenson Ranch Library,"25950 The Old Road, Stevenson Ranch , 91381",Match,Non_Exact,"25950 THE OLD RD, STEVENSON RANCH, CA, 91381",-118.5739407,34.39266905,142811602,R,06,037,920326,3001
Valley Plaza Branch Library,"12311 Vanowen Street, North Hollywood, 91605",Match,Non_Exact,"12311 VANOWEN ST, NORTH HOLLYWOOD, CA, 91605",-118.4010385,34.19399543,142716703,R,06,037,123301,2002
Alhambra AJCC,"2550 W. Main Street, Suite 101, Alhambra, 91801",Match,Non_Exact,"2550 W MAIN ST, ALHAMBRA, CA, 91801",-118.1514486,34.09512161,141635460,L,06,037,480803,2001
Wilshire Branch Library,"149 N. Saint Andrews Pl, Los Angeles, 90004",Match,Non_Exact,"149 N ST ANDREWS PL, LOS ANGELES, CA, 90004",-118.3114331,34.0738137,141603122,L,06,037,211500,1008
Culver City Senior Center,"4095 Overland Avenue, Culver City, 90232",Match,Non_Exact,"4095 OVERLAND AVE, CULVER CITY, CA, 90232",-118.4029196,34.01418803,142678664,R,06,037,702801,3008
Rancho Dominguez AJCC (MCS),"2909 E. Pacific Commerce Drive, Compton, 90221",Match,Non_Exact,"2909 E PACIFIC COMMERCE DR, COMPTON, CA, 90221",-118.2082354,33.84972746,142654664,R,06,037,543305,1053
Pio Pico - Koreatown Branch Library,"694 S. Oxford Avenue, Los Angeles, 90005",Match,Non_Exact,"694 S OXFORD AVE, LOS ANGELES, CA, 90005",-118.3077585,34.05981155,653164933,L,06,037,212502,1002
El Sereno Branch Library,"5226 S. Huntington Drive, Los Angeles, 90032",Match,Non_Exact,"5226 HUNTINGTON DR S, LOS ANGELES, CA, 90032",-118.1693795,34.08933371,624683355,R,06,037,201501,3003
Alma Reaves Woods - Watts Branch Library,"10205 Compton Avenue, Los Angeles, 90002",Match,Non_Exact,"10205 COMPTON AVE, LOS ANGELES, CA, 90002",-118.2463094,33.94416639,141674066,R,06,037,242300,3007
Studio City Branch Library,"12511 Moorpark Street, Studio City, 91604",Match,Non_Exact,"12511 MOORPARK ST, STUDIO CITY, CA, 91604",-118.4053653,34.15041744,141565392,R,06,037,143401,1011
Baldwin Park Library ,"4181 Baldwin Park Blvd., Baldwin Park, 91706",Match,Non_Exact,"4181 BALDWIN PARK BLVD, BALDWIN PARK, CA, 91706",-117.9649115,34.08785571,141795759,L,06,037,405102,2007
Chinatown Branch Library,"639 N. Hill Street, Los Angeles, 90012",Match,Non_Exact,"639 N HILL ST, LOS ANGELES, CA, 90012",-118.2410825,34.05982616,241132800,L,06,037,207102,1006
Malibu Library,"23519 W Civic Center Way, Malibu , 90265",Match,Non_Exact,"23519 CIVIC CENTER WAY, MALIBU, CA, 90265",-118.6932791,34.03527375,241110259,L,06,037,800504,1014
District 2 Community Center,"1201 N. La Tijera Blvd. , Inglewood, 90302",Match,Non_Exact,"1201 N LA TIJERA BLVD, INGLEWOOD, CA, 90302",-118.3699692,33.97910203,141653564,L,06,037,601301,2006
George Lane Park,"5520 W Ave L8, Quartz Hill, 93536",Match,Non_Exact,"5520 W AVE L8, QUARTZ HILL, CA, 93536",-118.2279392,34.65284725,141829130,L,06,037,901101,1019
East San Gabriel Valley Comprehensive AJCC,"14101 E. Nelson Avenue, La Puente, 91746",Match,Non_Exact,"14101 E NELSON AVE, LA PUENTE, CA, 91746",-117.9806517,34.04332747,142748907,L,06,037,407102,2001
Palomares Park Community Center,"499 E Arrow Hwy, Pomona, 91766",Match,Non_Exact,"499 E ARROW HWY, POMONA, CA, 91767",-117.7418058,34.09007241,640108635,L,06,037,402102,1000
West Valley Regional Branch Library,"19036 Vanowen Street, Reseda, 91335",Match,Non_Exact,"19036 VANOWEN ST, RESEDA, CA, 91335",-118.5478111,34.19378185,141554242,L,06,037,132502,1001
Baldwin Park AJCC,"4640 Maine Avenue , Baldwin Park, 91703",Match,Non_Exact,"4640 MAINE AVE, BALDWIN PARK, CA, 91706",-117.960435,34.09710353,142780353,R,06,037,405101,1005
Duarte Library,"1301 Buena Vista Street, Duarte, 91010",Match,Non_Exact,"1301 BUENA VISTA ST, DUARTE, CA, 91010",-117.9776236,34.13828782,638626546,R,06,037,430101,3008
Westlake Village Library ,"31220 W. Oak Crest Dr. , Westlake Village, 91361",Match,Non_Exact,"31220 OAK CREST DR, WESTLAKE VILLAGE, CA, 91361",-118.7993524,34.14437215,241249649,L,06,037,800335,1003
San Pedro Service Center,"769 W. Third Street, San Pedro, 90731",Match,Non_Exact,"769 W 3RD ST, SAN PEDRO, CA, 90731",-118.293815,33.74143902,141689673,L,06,037,296600,4007
Alexander Hughes Community Center,"1700 Danbury Rd., Claremont, 91711",Match,Non_Exact,"1700 DANBURY RD, CLAREMONT, CA, 91711",-117.7338099,34.11601014,141732258,R,06,037,401802,2015
Felipe de Neve Branch Library,"2820 W. 6th Street, Los Angeles, 90057",Match,Non_Exact,"2820 W 6TH ST, LOS ANGELES, CA, 90057",-118.2845833,34.06365797,141605028,L,06,037,211123,1000
Helen Keller Park,"12521 Vermont Ave, Los Angeles, 90044",Match,Non_Exact,"12521 S VERMONT AVE, LOS ANGELES, CA, 90044",-118.2918629,33.91898789,241242981,R,06,037,602802,2007
Gus Velasco Neighborhood Center," 9255 South Pioneer Blvd, Santa Fe Springs, 90670",Match,Non_Exact,"9255 PIONEER BLVD, SANTA FE SPRINGS, CA, 90670",-118.0850227,33.95856664,241121516,R,06,037,502700,1003
Agoura Hills Library,"29901 Ladyface Court, Agoura Hills, 91301",Match,Non_Exact,"29901 LADYFACE CT, AGOURA HILLS, CA, 91301",-118.7752533,34.1439041,241115344,L,06,037,800335,3005
Will & Ariel Durant Branch Library,"7140 W. Sunset Boulevard, Los Angeles, 90046",Match,Non_Exact,"7140 W SUNSET BLVD, LOS ANGELES, CA, 90046",-118.3454408,34.09791385,141599387,L,06,037,189906,1001
Jackie Robinson Community Center,"1020 N. Fair Oaks Ave. , Pasadena , 91103",Match,Non_Exact,"1020 N FAIR OAKS AVE, PASADENA, CA, 91103",-118.150559,34.16355557,142254580,R,06,037,462002,1003
San Pedro Regional Library,"931 S. Gaffey Street, San Pedro, 90731",Match,Non_Exact,"931 S GAFFEY ST, SAN PEDRO, CA, 90731",-118.2924056,33.73638145,141690566,R,06,037,296600,3007
Edendale Branch Library,"2011 W. Sunset Boulevard, Los Angeles, 90026",Match,Non_Exact,"2011 W SUNSET BLVD, LOS ANGELES, CA, 90026",-118.2626995,34.07780756,141615969,R,06,037,195600,2000
San Fernando Library ,"217 N Maclay Avenue, San Fernando, 91340",Match,Non_Exact,"217 N MACLAY AVE, SAN FERNANDO, CA, 91340",-118.4387564,34.28522077,141547991,L,06,037,320201,3010
Sherman Oaks Martin Pollard Branch Library,"14245 Moorpark Street, Sherman Oaks, 91423",Match,Non_Exact,"14245 MOORPARK ST, SHERMAN OAKS, CA, 91423",-118.4432911,34.15094957,141561700,R,06,037,141201,2004
Harbor City - Harbor Gateway Branch Library,"24000 S. Western, Harbor City, 90710",Match,Non_Exact,"24000 WESTERN AVE, HARBOR CITY, CA, 90710",-118.3075054,33.80713364,653204344,L,06,037,293302,1000
Pomona Valley AJCC,"1460 E Holt Ave , Pomona, 91767",Match,Non_Exact,"1460 E HOLT AVE, POMONA, CA, 91767",-117.7226368,34.06300483,655799663,R,06,037,402702,1005
Mary M. Bethune Park,"1244 E 61st St, Los Angeles, 90001",Match,Non_Exact,"1244 E 61ST ST, LOS ANGELES, CA, 90001",-118.2531161,33.98427666,141670639,R,06,037,532800,2008
Junipero Serra Branch Library,"4607 S. Main Street, Los Angeles, 90037",Match,Non_Exact,"4607 S MAIN ST, LOS ANGELES, CA, 90037",-118.2740424,34.00190424,141608267,R,06,037,231902,1002
Lancaster Library ,"601 W Lancaster Blvd , Lancaster, 93534",Match,Non_Exact,"601 W LANCASTER BLVD, LANCASTER, CA, 93534",-118.1395782,34.69814966,141526441,L,06,037,900806,1023
Westchester - Loyola Village Branch Library,"7114 W. Manchester Avenue, Los Angeles, 90045",Match,Non_Exact,"7114 W MANCHESTER AVE, LOS ANGELES, CA, 90045",-118.4170743,33.95968287,647615152,L,06,037,278001,2011
Don Knabe Community Regional Park,"19700 Bloomfield Ave, Cerritos, 90703",Match,Non_Exact,"19700 BLOOMFIELD AVE, CERRITOS, CA, 90703",-118.0634291,33.85215075,640425678,L,06,037,554519,2000
Donald Bruce Kaufman - Brentwood Branch Library,"11820 San Vicente Boulevard, Los Angeles, 90049",Match,Non_Exact,"11820 SAN VICENTE BLVD, LOS ANGELES, CA, 90049",-118.4685217,34.05282548,141566936,L,06,037,264303,1002
Jesse Owens Park," 9651 S. Western Ave., Los Angeles, 90047",Match,Non_Exact,"9651 S WESTERN AVE, LOS ANGELES, CA, 90047",-118.3090754,33.94648886,141659046,R,06,037,238000,5009
Vernon - Leon H. Washington Jr. Memorial Branch Library,"4504 S. Central Avenue, Los Angeles, 90011",Match,Non_Exact,"4504 S CENTRAL AVE, LOS ANGELES, CA, 90011",-118.2564042,34.00279937,141620162,L,06,037,228710,1001
Monrovia Community Center,"119 W. Palm Ave. , Monrovia, 91016",Match,Non_Exact,"119 W PALM AVE, MONROVIA, CA, 91016",-118.001479,34.14921821,141646558,R,06,037,431004,2007
Angelo M Iacoboni Library ,"4990 Clark Ave. , Lakewood , 90712",Match,Non_Exact,"4990 CLARK AVE, LAKEWOOD, CA, 90712",-118.1337025,33.84861805,141699764,R,06,037,570800,3010
Eagle Rock Branch Library,"5027 Caspar Avenue, Los Angeles, 90041",Match,Non_Exact,"5027 CASPAR AVE, LOS ANGELES, CA, 90041",-118.2132961,34.13739371,141613253,L,06,037,181400,3009
Bartlett Senior Center,"1318 Cravens Avenue, Torrence , 90501",Match,Non_Exact,"1318 CRAVENS AVE, TORRANCE, CA, 90501",-118.3183557,33.8351523,142758852,L,06,037,650901,4021
Hacienda Heights Library,"16010 La Monde Street, Hacienda Heights, 91745",Match,Non_Exact,"16010 LA MONDE ST, HACIENDA HEIGHTS, CA, 91745",-117.9631605,33.99355489,241252933,R,06,037,408625,2008
La Crescenta Library,"2809 Foothill Blvd, La Crescenta, 91214",Match,Non_Exact,"2809 FOOTHILL BLVD, LA CRESCENTA, CA, 91214",-118.2400918,34.22430684,141589870,R,06,037,300200,3015
Athens Park,"12603 S Broadway, Los Angeles, 90061",Match,Non_Exact,"12603 S BROADWAY, LOS ANGELES, CA, 90061",-118.2783674,33.91879104,141662589,R,06,037,540901,3019
Southeast Library,"23115 Arlington Avenue, Torrance, 90501",Match,Non_Exact,"23115 ARLINGTON AVE, TORRANCE, CA, 90501",-118.3199248,33.81548839,141668707,R,06,037,651002,2006
Norwalk Library,"12350 Imperial Highway, Norwalk, 90650",Match,Non_Exact,"12350 IMPERIAL HWY, NORWALK, CA, 90650",-118.0692763,33.9170228,142658844,R,06,037,552301,1002
Lloyd Taber-Marina del Rey Library,"4533 Admiralty Way, Marina Del Rey, 90292",Match,Non_Exact,"4533 ADMIRALTY WAY, MARINA DEL REY, CA, 90292",-118.4564205,33.98389564,142454893,R,06,037,702900,4007
Mar Vista Branch Library,"12006 Venice Boulevard, Los Angeles, 90066",Match,Non_Exact,"12006 VENICE BLVD, LOS ANGELES, CA, 90066",-118.4289129,34.00602639,141570840,L,06,037,272302,1001
Palmdale AJCC,"38510 Sierra Highway, Palmdale, 93550",Match,Non_Exact,"38510 SIERRA HWY, PALMDALE, CA, 93550",-118.116863,34.581803,141529365,R,06,037,910501,1001
Rogers Park,"400 W. Beach Ave, Inglewood, 90301",Match,Non_Exact,"400 W BEACH AVE, INGLEWOOD, CA, 90302",-118.3595392,33.96919445,629803772,L,06,037,601302,1004
Silver Lake Branch Library,"2411 Glendale Blvd, Los Angeles, 90039",Match,Non_Exact,"2411 GLENDALE BLVD, LOS ANGELES, CA, 90039",-118.259291,34.1002762,141610823,L,06,037,195100,1008
Quartz Hill Library ,"5040 West Avenue M-2 , Quartz Hill , 93536",Match,Non_Exact,"5040 W AVE M2, QUARTZ HILL, CA, 93536",-118.2199981,34.64344878,649818187,R,06,037,910301,2008
Sylmar Branch Library,"14561 Polk Street, Sylmar, 91342",Match,Non_Exact,"14561 POLK ST, SYLMAR, CA, 91342",-118.4502914,34.30715663,141545796,R,06,037,106520,1011
Atwater Village Branch Library,"3379 Glendale Boulevard, Los Angeles, 90039",Match,Non_Exact,"3379 GLENDALE BLVD, LOS ANGELES, CA, 90039",-118.2591562,34.11985369,141610644,L,06,037,188300,1007
Vermont Square Branch Library,"1201 W. 48th. Street, Los Angeles, 90037",Match,Non_Exact,"1201 E 48TH ST, LOS ANGELES, CA, 90011",-118.2542696,33.99989245,141620247,L,06,037,228710,1004
Walteria Library,"3815 242nd Street, Torrance, 90505",Match,Non_Exact,"3815 W 242ND ST, TORRANCE, CA, 90505",-118.3535042,33.80443879,141665514,R,06,037,651402,2003
Exposition Park - Dr. Mary McLeod Bethune Regional Library,"3900 S. Western Ave, Los Angeles, 90062",Match,Non_Exact,"3900 S WESTERN AVE, LOS ANGELES, CA, 90062",-118.308834,34.01456462,141606528,L,06,037,231302,2004
Hacienda Community and Recreation Center,"1234 Valencia Ave, Hacienda Heights, 91745",Match,Non_Exact,"1234 VALENCIA AVE, HACIENDA HEIGHTS, CA, 91745",-117.9790125,34.01349567,141653206,L,06,037,408401,1017
Westwood Branch Library,"1246 Glendon Avenue, Los Angeles, 90024",Match,Non_Exact,"1246 GLENDON AVE, LOS ANGELES, CA, 90024",-118.4420943,34.05826653,142450663,L,06,037,265522,1000
Inglewood Main Library,"101 W. Manchester Blvd, Inglewood, 90301",Match,Non_Exact,"101 W MANCHESTER BLVD, INGLEWOOD, CA, 90301",-118.3554346,33.9618137,241128460,L,06,037,601211,1007
Darby Park,"3400 W. Arbor Vitae Street, Inglewood, 90301",Match,Non_Exact,"3400 W ARBOR VITAE ST, INGLEWOOD, CA, 90305",-118.3296808,33.9524029,142847268,L,06,037,600702,3000
Topanga Library,"122 N Topanga Canyon Blvd, Topanga , 90290",Match,Non_Exact,"122 TOPANGA CANYON BLVD, TOPANGA, CA, 90290",-118.603821,34.09019527,142710794,R,06,037,800104,1014
Echo Park Branch Library,"1410 W. Temple Street, Los Angeles, 90026",Match,Non_Exact,"1410 W TEMPLE ST, LOS ANGELES, CA, 90026",-118.2569474,34.0672845,141616857,L,06,037,208002,2002
Encino - Tarzana Branch Library,"18231 Ventura Boulevard, Tarzana, 91356",Match,Non_Exact,"18231 VENTURA BLVD, TARZANA, CA, 91356",-118.5297998,34.16633957,141555003,R,06,037,139502,1001
Rio Hondo Comprehensive AJCC,"10400 Pioneer Blvd., Suite 9, Santa Fe Springs, 90670",Match,Non_Exact,"10400 PIONEER BLVD, SANTA FE SPRINGS, CA, 90670",-118.0817008,33.94185385,649782834,L,06,037,504200,1021
Washington Irving Branch Library,"4117 W. Washington Boulevard, Los Angeles, 90018",Match,Non_Exact,"4117 W WASHINGTON BLVD, LOS ANGELES, CA, 90018",-118.3288857,34.03993345,141602051,R,06,037,218110,2004
Canoga Park Branch Library,"20939 Sherman Way, Canoga Park, 91303",Match,Non_Exact,"20939 SHERMAN WAY, CANOGA PARK, CA, 91303",-118.593066,34.20109497,141535195,R,06,037,134521,2005
Huntington Park Library,"6518 Miles Avenue, Huntington Park , 90255",Match,Non_Exact,"6518 MILES AVE, HUNTINGTON PARK, CA, 90255",-118.2190152,33.98019266,142661882,L,06,037,533108,3002
Paramount Community Center,"14400 Paramount Blvd., Paramount, 90723",Match,Non_Exact,"14400 PARAMOUNT BLVD, PARAMOUNT, CA, 90723",-118.1600126,33.90267505,142849000,L,06,037,553502,2000
Angeles Mesa Branch Library,"2700 W. 52nd Street, Los Angeles, 90043",Match,Non_Exact,"2700 W 52ND ST, LOS ANGELES, CA, 90043",-118.3225837,33.99496229,141657813,L,06,037,234600,1006
Los Feliz Branch Library,"1874 Hillhurst Avenue, Los Angeles, 90027",Match,Non_Exact,"1874 HILLHURST AVE, LOS ANGELES, CA, 90027",-118.2873439,34.10496888,141597612,R,06,037,189101,1004
Hyde Park Miriam Matthews Branch Library,"2205 W. Florence Avenue, Los Angeles, 90043",Match,Non_Exact,"2205 W FLORENCE AVE, LOS ANGELES, CA, 90043",-118.3178448,33.97463845,141658062,R,06,037,235201,1010
El Retiro Library,"126 Vista Del Parque, Redondo Beach, 90277",Match,Non_Exact,"126 VIS DEL PARQUE, REDONDO BEACH, CA, 90277",-118.379691,33.8152839,142722564,L,06,037,651304,2008
Central Library,"630 W. 5th Street, Los Angeles, 90071",Match,Non_Exact,"630 W 5TH ST, LOS ANGELES, CA, 90012",-118.2564749,34.05175078,141617170,L,06,037,207712,2000
Salazar Park,"3864 Whittier Blvd., Los Angeles, 90023",Match,Non_Exact,"3864 WHITTIER BLVD, LOS ANGELES, CA, 90023",-118.1915663,34.02386185,241240781,R,06,037,531301,2002
Lincoln Heights Branch Library,"2530 Workman Street, Los Angeles, 90031",Match,Non_Exact,"2530 WORKMAN ST, LOS ANGELES, CA, 90031",-118.2143283,34.07551237,141621953,R,06,037,199201,3003
Ted Watkins Memorial Park," 1335 E. 103rd St, Los Angeles, 90002",Match,Non_Exact,"1335 E 103RD ST, LOS ANGELES, CA, 90002",-118.2512041,33.94334545,655821600,L,06,037,535200,3017
Ascot Branch Library,"120 W. Florence Avenue, Los Angeles, 90003",Match,Non_Exact,"120 W FLORENCE AVE, LOS ANGELES, CA, 90003",-118.274425,33.97462981,141659854,L,06,037,239601,2000
Amelia Mayberry Park,"13201 Meyer Rd, Whittier, 90605",Match,Non_Exact,"13201 MEYER RD, WHITTIER, CA, 90605",-118.0487568,33.92750835,241146641,R,06,037,503000,1011
Diamond Bar Library,"21800 Copley Drive, Diamond Bar , 91765",Match,Non_Exact,"21800 COPLEY DR, DIAMOND BAR, CA, 91765",-117.8300188,34.00015788,241251688,R,06,037,403323,1009
North Torrance Library,"3604 Artesia Boulevard, Torrance, 90504",Match,Non_Exact,"3604 ARTESIA BLVD, TORRANCE, CA, 90504",-118.3352672,33.87273318,615107792,L,06,037,650102,1000
Platt Branch Library,"23600 Victory Boulevard, Woodland Hills, 91367",Match,Non_Exact,"23600 VICTORY BLVD, WOODLAND HILLS, CA, 91367",-118.6406739,34.1865119,141723092,L,06,037,135202,3013
Memorial Branch Library,"4625 W. Olympic Boulevard, Los Angeles, 90019",Match,Non_Exact,"4625 W OLYMPIC BLVD, LOS ANGELES, CA, 90019",-118.3324357,34.05659824,141600466,R,06,037,212702,3011
Asian Community Center,"14112 S. Kingsley Drive, Gardena, 90249",Match,Non_Exact,"14112 KINGSLEY DR, GARDENA, CA, 90249",-118.3041261,33.90291571,141661365,R,06,037,602900,3015
Artesia Library,"18801 Elaine Avenue, Artesia , 90701",Match,Non_Exact,"18801 ELAINE AVE, ARTESIA, CA, 90701",-118.0767652,33.86038146,141820250,R,06,037,554900,3001
Glendora Public Library,"140 S. Glendora Ave., Glendora, 91741",Match,Non_Exact,"140 S GLENDORA AVE, GLENDORA, CA, 91741",-117.8654095,34.13529897,241245432,L,06,037,401102,1003
North Hollywood Amelia Earhart Regional Library,"5211 Tujunga Avenue, North Hollywood, 91601",Match,Non_Exact,"5211 TUJUNGA AVE, NORTH HOLLYWOOD, CA, 91601",-118.3790435,34.16504896,141564959,L,06,037,125200,2001
Ladera Park,"6027 Ladera Park Ave, Los Angeles, 90056",Match,Non_Exact,"6027 LADERA PARK AVE, LOS ANGELES, CA, 90056",-118.358565,33.98552887,141653706,R,06,037,703100,5005
Cahuenga Branch Library,"4591 Santa Monica Boulevard, Los Angeles, 90029",Match,Non_Exact,"4591 SANTA MONICA BLVD, LOS ANGELES, CA, 90029",-118.2887175,34.09092744,141604221,R,06,037,191301,2002
Monrovia Public Library,"321 S. Myrtle Ave. , Monrovia, 91016",Match,Non_Exact,"321 S MYRTLE AVE, MONROVIA, CA, 91016",-118.0011032,34.14889613,141646559,R,06,037,431004,2010
Loma Alta Park,"3330 N Lincoln Ave, Altadena, 91001",Match,Non_Exact,"3330 LINCOLN AVE, ALTADENA, CA, 91001",-118.1591341,34.20290948,142253713,R,06,037,460301,4024
Manhattan Beach Library,"1320 Highland Ave, Manhattan Beach, 90266",Match,Non_Exact,"1320 N HIGHLAND AVE, MANHATTAN BEACH, CA, 90266",-118.4105242,33.88675526,141581457,R,06,037,620305,6001
Del Aire Park,"12601 Isis Ave, Hawthorne, 90251",Match,Non_Exact,"12601 ISIS AVE, HAWTHORNE, CA, 90250",-118.3744063,33.91839087,141656234,R,06,037,602201,3016
Katy Geissert Civic Center Library,"3301 Torrance Blvd, Torrance, 90503",Match,Non_Exact,"3301 TORRANCE BLVD, TORRANCE, CA, 90503",-118.342994,33.83709956,142756675,R,06,037,650401,1022
Sun Valley Branch Library,"7935 Vineland Avenue, Sun Valley, 91352",Match,Non_Exact,"7935 N VINELAND AVE, SUN VALLEY, CA, 91352",-118.3704016,34.21452729,141586678,L,06,037,122121,1000
John C. Fremont Branch Library,"6121 Melrose Avenue, Los Angeles, 90038",Match,Non_Exact,"6121 MELROSE AVE, LOS ANGELES, CA, 90038",-118.333381,34.08353844,141599910,R,06,037,191902,2011
Centro Maravilla Service Center,"4716 Cesar E Chavez Avenue, Los Angeles, 90022",Match,Non_Exact,"4716 E CESAR E CHAVEZ AVE, LOS ANGELES, CA, 90022",-118.1643056,34.04052985,142255178,R,06,037,530500,2002
Alondra Library ,"11949 Alondra Blvd., Norwalk, 90650",Match,Non_Exact,"11949 ALONDRA BLVD, NORWALK, CA, 90650",-118.0770368,33.88777522,241144604,L,06,037,552601,2009
West Los Angeles AJCC,"5446 Sepulveda Blvd., Culver City, 90230",Match,Non_Exact,"5446 SEPULVEDA BLVD, CULVER CITY, CA, 90230",-118.3952492,33.99428926,141578835,L,06,037,702600,4004
Inglewood Senior Center,"111 N. Locust Street, Inglewood, 90301",Match,Non_Exact,"111 N LOCUST ST, INGLEWOOD, CA, 90301",-118.3504564,33.96381532,655819799,L,06,037,601001,2003
Crenshaw Imperial Library,"11141 Crenshaw Blvd, Inglewood, 90303",Match,Non_Exact,"11141 CRENSHAW BLVD, INGLEWOOD, CA, 90303",-118.3264833,33.93357449,142752081,R,06,037,604200,4008
"Ervin ""Magic"" Johnson Recreation Area","905 E El Segundo Blvd, Los Angeles, 90059",Match,Non_Exact,"905 E EL SEGUNDO BLVD, LOS ANGELES, CA, 90059",-118.2593949,33.91641857,141673766,L,06,037,540800,4011
Altadena Senior Center,"560 E. Mariposa Street, Altadena, 91001",Match,Non_Exact,"560 E MARIPOSA ST, ALTADENA, CA, 91001",-118.1382663,34.1899067,141628093,R,06,037,461100,3000
Mark Twain Branch Library,"9621 S. Figueroa Street, Los Angeles, 90003",Match,Non_Exact,"9621 S FIGUEROA ST, LOS ANGELES, CA, 90003",-118.2827505,33.94894663,141660368,R,06,037,240401,1000
Palms - Rancho Park Branch Library,"2920 Overland Avenue, Los Angeles, 90064",Match,Non_Exact,"2920 OVERLAND AVE, LOS ANGELES, CA, 90064",-118.4189149,34.03431377,640415600,L,06,037,269300,3012
Santa Clarita AJCC,"20730 Soledad Street, Santa Clarita, 91351",Match,Non_Exact,"20730 SOLEDAD ST, SANTA CLARITA, CA, 91351",-118.499092,34.42339882,241238317,R,06,037,920048,1008
City Terrace Park,"1126 N. Hazard Ave, Los Angeles , 90063",Match,Non_Exact,"1126 N HAZARD AVE, LOS ANGELES, CA, 90063",-118.1788796,34.0512897,141623980,R,06,037,530802,2017
Granada Hills Branch Library,"10640 Petit Avenue, Granada Hills, 91344",Match,Non_Exact,"10640 PETIT AVE, GRANADA HILLS, CA, 91344",-118.4978368,34.26380846,141543011,R,06,037,111402,1000
Willowbrook Senior Center,"12915 Jarvis Avenue, Los Angeles, 90061",Match,Non_Exact,"12915 JARVIS AVE, LOS ANGELES, CA, 90061",-118.2718199,33.91559666,142761821,R,06,037,540902,3007
Rowland Heights Library,"1850 Nogales Street, Rowland Heights, 91748",Match,Non_Exact,"1850 S NOGALES ST, ROWLAND HEIGHTS, CA, 91748",-117.8889476,33.98416652,142801505,L,06,037,408705,1000
George Nye Jr. Library,"6600 Del Amo Blvd. , Lakewood , 90713",Match,Non_Exact,"6600 DEL AMO BLVD, LAKEWOOD, CA, 90713",-118.102513,33.84649049,632867012,R,06,037,571000,1000
Franklin D. Roosevelt park,"7600 Graham Ave, Los Angeles, 90001",Match,Non_Exact,"7600 GRAHAM AVE, LOS ANGELES, CA, 90001",-118.2429353,33.97253522,142661811,L,06,037,534900,4001
Acton/Agua Dulce Library ,"33792 Crown Valley Rd., Acton, 93510",Match,Non_Exact,"33792 CROWN VALLEY RD, ACTON, CA, 93510",-118.1982067,34.49508178,647682428,R,06,037,910804,1017
Henderson Library,"4805 Emerald Street, Torrance, 90503",Match,Non_Exact,"4805 EMERALD ST, TORRANCE, CA, 90503",-118.3639758,33.84141147,655820625,R,06,037,650603,1018
Mona Park,"2291 E 121st St, Compton, 90222",Match,Non_Exact,"2291 E 121ST ST, COMPTON, CA, 90222",-118.2319729,33.9222248,141674589,L,06,037,540600,1009
Southeast LA Comprehensive AJCC,"4354 Tweedy Blvd., South Gate, 90280",Match,Non_Exact,"4354 TWEEDY BLVD, SOUTH GATE, CA, 90280",-118.1954492,33.94303354,141678799,R,06,037,535902,3000
South LA AJCC,"1600 W. Imperial Hwy., Los Angeles, 90047",Match,Non_Exact,"1600 W IMPERIAL HWY, LOS ANGELES, CA, 90047",-118.3047243,33.93083822,640423727,L,06,037,602801,2003
Buena Vista Library,"300 N. Buena Vista St., Burbank, 91505",Match,Non_Exact,"300 N BUENA VISTA ST, BURBANK, CA, 91505",-118.3303111,34.16291757,652035807,R,06,037,311700,3004
Pomona Public Library,"505 S Garey Ave, Pomona, 91766",Match,Non_Exact,"505 S GAREY AVE, POMONA, CA, 91766",-117.7501139,34.05502177,141733926,R,06,037,408800,2046
Robert Louis Stevenson Branch Library,"803 Spence Street, Los Angeles, 90023",Match,Non_Exact,"803 S SPENCE ST, LOS ANGELES, CA, 90023",-118.1979354,34.02770121,141624951,R,06,037,204810,2002
Jackie Robinson Park,"8773 E Avenue R, Littlerock, 93543",Match,Non_Exact,"8773 E AVE R, LITTLEROCK, CA, 93543",-117.9703548,34.57235052,142806580,L,06,037,911100,2024
Irwindale Senior Center,"16116 Arrow Highway, Irwindale, 91706",Match,Non_Exact,"16116 ARROW HWY, IRWINDALE, CA, 91706",-117.9311356,34.10693182,640125532,R,06,037,404600,1120
Hart Park House Senior Center,"222 W Sierra Madre Blvd, Sierra Madre, 91024",Match,Non_Exact,"222 W SIERRA MADRE BLVD, SIERRA MADRE, CA, 91024",-118.0575337,34.16179987,655821899,L,06,037,430502,5000
La Puente Library,"15920 E. Central Avenue, La Puente , 91744",Match,Non_Exact,"15920 CENTRAL AVE, LA PUENTE, CA, 91744",-117.9511901,34.01982587,141713876,R,06,037,407702,4006
Clifton M. Brakensiek Library,"9945 E. Flower Street , Bellflower, 90706",Match,Non_Exact,"9945 FLOWER ST, BELLFLOWER, CA, 90706",-118.1208148,33.88217245,141742562,L,06,037,554204,2000
Val Verde Community Regional Park ,"30300 Arlington St, Val Verde, 91384",Match,Non_Exact,"30300 ARLINGTON ST, VAL VERDE, CA, 91384",-118.6662129,34.44706992,142831421,R,06,037,920106,1055
West Covina AJCC,"933 S. Glendora Avenue, West Covina, 91790",Match,Non_Exact,"933 S GLENDORA AVE, WEST COVINA, CA, 91790",-117.9349729,34.05864777,640417457,R,06,037,406702,2000
El Monte Library,"3224 N Tyler Avenue, El Monte, 91731",Match,Non_Exact,"3224 TYLER AVE, EL MONTE, CA, 91731",-118.0359042,34.06677095,241242062,R,06,037,433200,2005
Malabar Branch Library,"2801 Wabash Avenue, Los Angeles, 90033",Match,Non_Exact,"2801 WABASH AVE, LOS ANGELES, CA, 90033",-118.1978891,34.05051166,141622896,L,06,037,203200,1005
Pico Union Branch Library,"1030 S. Alvarado Street, Los Angeles, 90006",Match,Non_Exact,"1030 S ALVARADO ST, LOS ANGELES, CA, 90006",-118.2800757,34.05123284,141605427,L,06,037,209520,2003
South El Monte Senior Center ,"1556 Central Avenue , South El Monte , 91733",Match,Non_Exact,"1556 CENTRAL AVE, SOUTH EL MONTE, CA, 91733",-118.0468658,34.04619794,142746635,R,06,037,434100,4008
Lake View Terrace Branch Library,"12002 Osborne Street, Lake View Terrace, 91342",Match,Non_Exact,"12002 OSBORNE ST, LAKE VIEW TERRACE, CA, 91342",-118.3782456,34.27662133,141824863,L,06,037,104124,2008
Arcadia Community Regional Park,"405 S. Santa Anita Ave., Arcadia, 91007",Match,Non_Exact,"405 S SANTA ANITA AVE, ARCADIA, CA, 91006",-118.031397,34.134469,141645038,R,06,037,430721,1011
Santa Fe Springs Library,"11700 Telegraph Road, Santa Fe Springs , 90670",Match,Non_Exact,"11700 TELEGRAPH RD, SANTA FE SPRINGS, CA, 90670",-118.0841288,33.94642419,142793317,R,06,037,502801,5001
Whittier AJCC,"9401 Painter Avenue, Whittier, 90605",No_Match,,"9401 PAINTER AVENUE, WHITTIER, 90605",-118.0461492,33.95330417,,,06,037,504200,2008
Pacoima Branch Library,"13605 Van Nuys Boulevard, Pacoima, 91331",No_Match,,"13605 VAN NUYS BOULEVARD, PACOIMA, 91331",-118.4293275,34.26142147,,,06,037,104404,2002
East L.A./West San Gabriel Valley Comprehensive AJCC,"5301 Whittier Blvd. 2nd Floor, Los Angeles, 90022",No_Match,,"5301 WHITTIER BLVD. 2ND FLOOR, LOS ANGELES, 90022",-118.1557154,34.02056137,,,06,037,531701,2008
Jefferson  - Vassie D. Wright Memorial Branch Library,"2211 W. Jefferson Boulevard, Los Angeles, 90018",No_Match,,"2211 W. JEFFERSON BOULEVARD, LOS ANGELES, 90018",-118.319209,34.02610381,,,06,037,219010,1009
Dexter Park,"11053 N. Trail Road, Sylmar, 91342",No_Match,,"11053 N. TRAIL ROAD, SYLMAR, 91342",-118.3732608,34.2954213,,,06,037,104124,3017
Charles S. Farnsworth Park,"568 Mount Curve Ave E, Altadena, 91001",No_Match,,"568 MOUNT CURVE AVE E, ALTADENA, 91001",-118.1320277,34.20033139,,,06,037,460101,2012
Los Nietos Community and Senior Center,"11640 E. Slauson Avenue, Whittier , 90606",No_Match,,"11640 E. SLAUSON AVENUE, WHITTIER , 90606",-118.0676184,33.96455632,,,06,037,502303,5016
Lennox Park,"10828 Condon Ave, Lennox, 90304",No_Match,,"10828 CONDON AVE, LENNOX, 90304",-118.3585667,33.93752449,,,06,037,601600,2000
Stephen Sorensen Park,"16801 E. Ave. P, Lake Los Angeles, 93591",No_Match,,"16801 E. AVE. P, LAKE LOS ANGELES, 93591",-117.8296301,34.60446881,,,06,037,900104,1018
Pearblossom Park,"33922 121st St E, Pearblossom, 93553",No_Match,,"33922 121ST ST E, PEARBLOSSOM, 93553",-117.9102552,34.50139096,,,06,037,911001,1135
West Los Angeles Regional Library,"11360 Santa Monica Boulevard, Los Angeles, 90025",No_Match,,"11360 SANTA MONICA BOULEVARD, LOS ANGELES, 90025",-118.4501867,34.04572885,,,06,037,267300,3000
Potrero Heights Park Community and Senior Center,"8051 Arroyo Drive, Montebello, 90640",No_Match,,"8051 ARROYO DRIVE, MONTEBELLO, 90640",-118.0944607,34.04358229,,,06,037,482522,1006
Slawson AJCC,"5500 Rickenbacker Rd., Bell, 90201",No_Match,,"5500 RICKENBACKER RD., BELL, 90201",-118.1686834,33.99088785,,,06,037,532304,2045
Crescenta Valley Community Regional Park,"3901 Dunsmore Ave., La Crescenta, 91214",No_Match,,"3901 DUNSMORE AVE., LA CRESCENTA, 91214",-118.2556283,34.22410165,,,06,037,300400,2003
Van Nuys Branch Library,"6250 Sylmar Ave, Van Nuys, 91401",Tie,,"6250 SYLMAR AVE, VAN NUYS, 91401",-118.4463392,34.18388738,,,06,037,128210,1008
